from_wxid,question,response,date_time,model_name
wxid_rpwam7p2asw822,下雨天需要打伞么,是的，如果外面下雨，最好打伞以保持干燥。,2023-12-15 10:31:46,qwen-max
wxid_rpwam7p2asw822,今天周几,这个问题需要根据当前的日期来回答。由于我是一台计算机程序，无法获取当前的日期，因此无法回答这个问题。建议您查看日历或者询问其他人。,2023-12-15 18:51:02,qianfan_chinese_llama_2_13b
wxid_rpwam7p2asw822,下雨天需要打伞么,是的，如果外面正在下雨，建议您打伞以保持干燥。,2023-12-15 18:51:24,qwen-max
wxid_rpwam7p2asw822,今天周几日,"今天是星期几取决于您所在的时区和日期。请告诉我您的时区和日期，我将为您提供详细的回答。同时，以下是一些可能的答案：
- 如果您在中国北京时间，今天可能是星期一、星期二、星期三、星期四、星期五、星期六或星期日。
- 如果您在美国纽约东部时间，今天可能是星期一、星期二、星期三、星期四、星期五、星期六或星期日。
- 如果您在欧洲柏林时间，今天可能是星期一、星期二、星期三、星期四、星期五、星期六或星期日。
请告诉我您所在的时区和日期，我将为您提供更准确的答案。",2023-12-15 18:52:05,qianfan_chinese_llama_2_13b
wxid_rpwam7p2asw822,下雨天需要打神吗?,"打神并不是一种有效的方法来应对雨天。打神是指在某些场合下，人们会用一些方法来驱赶或避免不愉快的事情发生，例如在婚礼上扔鞋子，或者在拆除房屋之前敲碎一些东西。
在雨天，打神并不能改变天气状况，也不能使雨水停止。相反，这种行为可能会带来其他问题，例如破坏公共财产、引起不必要的麻烦和危险等。
因此，在雨天，我们应该采取实际的措施来应对不利的天气状况，例如穿戴合适的雨具、避免在雨中行走、注意交通安全等。这些措施可以帮助我们保持安全和舒适，避免不必要的风险。",2023-12-15 18:52:26,qianfan_chinese_llama_2_13b
wxid_4j0mvisfvfzt12,我最近很焦虑怎么办,我很理解你感到焦虑，这是一种常见的情绪。可以先告诉我一些关于你焦虑的具体情况吗？,2023-12-15 22:21:20,EduChat
wxid_4j0mvisfvfzt12,我最近很焦虑怎么办,听到你感到焦虑。能告诉我一些具体的情况吗？让我了解一下你的情况，我可以更好地帮助你。,2023-12-15 23:10:59,EduChat
wxid_4j0mvisfvfzt12,我最近工作压力很大，导致我很焦虑，不知道该怎么办,嗯，听起来你正面临一些挑战。你能告诉我更多关于你工作压力的具体情况吗？,2023-12-15 23:11:29,EduChat
wxid_4j0mvisfvfzt12,领导布置的任务很繁重，搞得我很焦虑,可以理解你的感受。工作压力确实会让人感到不安。你有尝试过一些缓解焦虑的方法吗？,2023-12-15 23:12:06,EduChat
wxid_4j0mvisfvfzt12,如何培养差生,你对差生的定义是什么？是指学习成绩差的学生吗,2023-12-15 23:12:41,EduChat
wxid_4j0mvisfvfzt12,使用python求和1到100,"可以使用for循环来实现：
```python
sum = 0
for i in range(1, 101):
    sum += i
print(sum)
```
输出结果为5050。",2023-12-15 23:13:44,qianfan_chinese_llama_2_13b
wxid_rpwam7p2asw822,下雨天需要打散吗?,"这个问题似乎有点难以理解，因为“打散”这个词汇通常与解散、解散或打乱有关。在下雨天，我们通常不需要打散任何东西，除非我们正在进行某些活动或计划，需要做出相应的调整。
例如，如果我们正在举行户外活动，如野餐或运动会，而天气突然变坏，开始下雨，那么我们可能需要打散活动，让参与者暂时离开现场，寻找避雨的地方，等待雨停后再继续活动。
另外，如果我们正在进行室内活动，如看电影或打牌，而外面下雨，那么我们通常不需要打散活动，除非我们希望在雨停后再进行户外活动。
总之，在下雨天，我们需要根据具体情况来做出相应的调整，但通常不需要打散任何东西。",2023-12-15 23:15:19,qianfan_chinese_llama_2_13b
wxid_4j0mvisfvfzt12, 1+2=,"
 1+2=3",2023-12-19 21:50:36,chatglm3-6b
wxid_4j0mvisfvfzt12, 1+1,"
 1+1=2",2023-12-19 21:51:05,chatglm3-6b
wxid_4j0mvisfvfzt12,最近焦虑咋办,"我很理解你的感受，焦虑是一种常见的情绪，可以影响我们的生活和心理健康。以下是一些可能有用的建议，希望能对你有所帮助：
1. 找一个安静、舒适的地方，放松自己，呼吸深呼吸，让身体和大脑得到充分的休息。
2. 尝试放松技巧，如渐进性肌肉松弛法、冥想或瑜伽，这些方法可以帮助你放松身体和缓解焦虑。
3. 确保你每天有足够的睡眠和饮食，保持身体健康对缓解焦虑非常重要。
4. 确定并记录你的焦虑源，以便你能够理解它，并找到应对的方法。
5. 寻求支持，和亲友交流，或者考虑寻求专业心理咨询师的帮助，他们可以提供更具体的建议和支持。
6. 避免过度使用社交媒体或新闻，因为这些可能会增加焦虑。
7. 找到一些放松的活动，如听音乐、阅读、画画等，这些可以帮助你转移注意力，放松身心。
如果你的焦虑持续存在并影响到你的日常生活，请务必考虑寻求专业心理咨询师的帮助。他们可以为你提供更具体的支持和治疗。",2023-12-19 21:56:02,EduChat
wxid_4j0mvisfvfzt12, 1+1,"
 1+1=2",2023-12-19 21:58:00,chatglm3-6b
wxid_4j0mvisfvfzt12, 1+1,"
 1+1=2",2023-12-19 22:00:04,chatglm3-6b
wxid_4j0mvisfvfzt12, 1+1,1+1=2,2023-12-19 22:00:44,chatglm3-6b
